transaction.value	gender	store.type
33.8	Male	Metro
7.02	Male	Superstore
335.88	Female	Extra
79.02	Male	Superstore
354.15	Male	Metro
1414.49	Male	Superstore
16.89	Female	Express
201.22	Female	Superstore
29.49	Female	Metro
195.15	Female	Superstore
40.57	Male	Metro
522.71	Male	Metro
53.77	Female	Metro
349.74	Male	Superstore
673.58	Female	Metro
39.58	Female	Superstore
81.83	Female	Metro
171.57	Female	Superstore
61.21	Female	Metro
619.72	Male	Extra
21.94	Female	Metro
93.93	Female	Superstore
125.93	Female	Superstore
90.02	Female	Superstore
32.5	Female	Express
146.01	Female	Extra
23.68	Male	Express
377.56	Male	Metro
56.97	Female	Extra
7.62	Male	Express
87.33	Female	Superstore
221.74	Female	Extra
54.35	Male	Extra
33.88	Female	Metro
6.17	Male	Extra
18.8	Female	Metro
26.6	Female	Extra
145.15	Male	Superstore
140.03	Male	Superstore
19.04	Female	Superstore
44.93	Male	Superstore
451.87	Female	Extra
33.44	Female	Superstore
34.96	Female	Express
24.48	Male	Metro
347.17	Female	Metro
98.77	Male	Superstore
69.62	Male	Superstore
51.26	Female	Superstore
21.78	Male	Superstore
1e+05	Female	Extra
37.52	Female	Metro
13.32	Female	Metro
12.51	Male	Extra
17.04	Female	Express
14.18	Male	Extra
80.27	Female	Superstore
617.39	Female	Express
14.67	Female	Metro
119.67	Female	Superstore
114.18	Female	Extra
386.67	Female	Superstore
27.63	Male	Superstore
71.79	Female	Express
14.57	Male	Express
358.01	Female	Superstore
468.1	Male	Superstore
43.55	Male	Superstore
36.96	Female	Metro
195.21	Male	Metro
21.5	Female	Metro
216.89	Female	Superstore
45.92	Female	Superstore
15.95	Male	Metro
8.55	Male	Metro
44.61	Female	Extra
730.86	Male	Superstore
82.14	Female	Superstore
95.38	Male	Superstore
28.95	Female	Superstore
134.31	Female	Superstore
87.7	Male	Superstore
33.12	Female	Metro
82.24	Male	Extra
212	Male	Metro
86.49	Female	Superstore
1012.65	Female	Metro
988.39	Male	Metro
41.38	Female	Metro
376.35	Female	Superstore
12.51	Male	Metro
4.54	Female	Superstore
603.8	Male	Metro
12.9	Male	Metro
25	Male	Superstore
58.74	Male	Superstore
429.97	Male	Metro
26.71	Male	Extra
882.4	Female	Extra
83.67	Female	Superstore
47.28	Male	Express
914.04	Male	Superstore
28.22	Female	Metro
328.54	Male	Extra
45.43	Male	Superstore
30.78	Male	Superstore
30.29	Male	Metro
35.59	Male	Superstore
28.36	Male	Superstore
29.29	Male	Superstore
26.69	Male	Metro
22.59	Female	Metro
320.21	Male	Superstore
15.04	Male	Metro
20.75	Female	Metro
12.11	Male	Express
384.95	Female	Superstore
12.7	Female	Express
25.87	Male	Superstore
9.63	Female	Metro
10.5	Male	Metro
11.51	Female	Express
644.4	Female	Superstore
19.78	Male	Superstore
20.88	Female	Superstore
21.24	Female	Superstore
357.49	Female	Superstore
44.41	Female	Metro
35.4	Male	Superstore
22.61	Female	Express
293.26	Female	Metro
7.08	Female	Superstore
52.84	Male	Express
393.12	Male	Metro
62.8	Female	Superstore
17.25	Male	Metro
411.76	Male	Superstore
386.54	Female	Metro
39.84	Female	Metro
243.01	Female	Superstore
0.46	Male	Extra
27.05	Male	Superstore
224.8	Female	Superstore
64.47	Female	Superstore
372.1	Male	Extra
36.4	Male	Superstore
19.93	Female	Metro
56.89	Male	Metro
951.63	Male	Superstore
115.36	Female	Extra
34.76	Male	Extra
49.13	Male	Metro
209.39	Female	Superstore
19.54	Male	Express
91.92	Female	Superstore
27.18	Female	Metro
239.33	Female	Superstore
69.03	Female	Superstore
12.6	Female	Metro
131.64	Male	Superstore
41.54	Female	Metro
18.39	Male	Metro
9.08	Male	Express
15.5	Male	Express
102.34	Male	Extra
14.57	Female	Express
245.27	Male	Extra
1108.64	Male	Extra
74.34	Male	Superstore
27.76	Male	Metro
87.47	Female	Superstore
31.1	Female	Metro
99.19	Female	Superstore
121.84	Female	Superstore
9.21	Male	Metro
14.58	Female	Superstore
35.11	Male	Metro
36.85	Female	Extra
99.73	Male	Superstore
40.08	Male	Superstore
24.08	Male	Superstore
306.85	Male	Extra
257.63	Female	Superstore
37.58	Female	Superstore
22.57	Male	Metro
15.21	Female	Express
62.95	Female	Superstore
17.89	Male	Superstore
24.42	Female	Express
390.67	Female	Extra
41.96	Male	Superstore
793.6	Male	Superstore
102.62	Male	Extra
8.81	Female	Extra
19.02	Male	Superstore
16.2	Male	Express
53.84	Female	Extra
359.46	Male	Extra
28.37	Male	Metro
22.36	Male	Metro
319.27	Male	Metro
55.08	Male	Extra
6.23	Female	Metro
22.89	Female	Express
10.2	Male	Extra
26.51	Female	Metro
21	Male	Metro
13.16	Female	Express
14.67	Male	Metro
10.15	Male	Metro
34.82	Male	Metro
412.44	Male	Metro
44.52	Female	Express
33.83	Male	Superstore
12.96	Female	Express
15.85	Male	Metro
14.55	Male	Express
77.99	Male	Superstore
48.43	Female	Superstore
21.64	Male	Metro
165.12	Male	Superstore
29.77	Female	Superstore
29.84	Male	Metro
15.74	Male	Metro
22.79	Female	Metro
13.47	Male	Metro
40.65	Female	Metro
22.85	Male	Express
40.46	Female	Extra
411.96	Female	Superstore
40.6	Female	Express
39.82	Female	Superstore
174	Female	Superstore
27.23	Female	Metro
12.94	Male	Metro
353.04	Female	Metro
35.09	Female	Superstore
24.11	Female	Metro
21.46	Female	Extra
43.17	Female	Extra
59.93	Male	Superstore
88.72	Male	Extra
28.06	Male	Express
4.4	Male	Extra
81.01	Male	Extra
20.19	Male	Metro
15.64	Male	Metro
41.18	Female	Superstore
94.31	Male	Superstore
23.61	Female	Express
79.3	Male	Superstore
13.02	Female	Metro
42.1	Male	Express
9.24	Male	Express
43.64	Female	Metro
15.71	Female	Metro
383.3	Female	Metro
100.98	Female	Superstore
51.35	Female	Superstore
662.21	Female	Superstore
19.63	Female	Metro
111.77	Female	Superstore
97.63	Male	Superstore
443.81	Female	Superstore
19.91	Female	Metro
404.84	Female	Superstore
12.15	Male	Express
19.48	Male	Metro
33.37	Female	Metro
25.21	Male	Metro
90.88	Female	Superstore
10.4	Female	Express
101.48	Female	Superstore
14.13	Male	Superstore
223.72	Male	Metro
611.47	Male	Superstore
202.23	Female	Superstore
44.2	Male	Express
108.56	Male	Superstore
25.43	Male	Metro
187.61	Female	Extra
18.76	Female	Extra
358.41	Female	Metro
20.25	Female	Metro
317.03	Male	Superstore
4.26	Male	Extra
108.63	Male	Superstore
195.35	Male	Superstore
36.17	Female	Metro
20.33	Female	Metro
955.76	Male	Superstore
64.32	Male	Superstore
3.68	Male	Metro
382.11	Male	Superstore
75.56	Male	Superstore
169.87	Male	Extra
46.13	Female	Extra
34.2	Male	Express
8	Female	Metro
13.33	Male	Express
25.64	Male	Express
28.5	Male	Superstore
41.3	Female	Metro
26.59	Male	Superstore
401.7	Male	Metro
19.77	Male	Metro
26.66	Female	Extra
102.97	Female	Superstore
19.29	Male	Superstore
124.51	Male	Extra
4.47	Male	Metro
28.82	Female	Extra
65	Female	Express
48.33	Male	Extra
7.52	Female	Metro
594.57	Male	Extra
5.4	Male	Express
456	Female	Metro
30.88	Male	Express
62.49	Female	Metro
196.41	Male	Superstore
603.71	Male	Metro
44.82	Male	Express
307.31	Female	Superstore
244.37	Male	Extra
7.75	Male	Metro
190.7	Male	Superstore
104.28	Male	Superstore
800.08	Male	Extra
36.47	Female	Metro
21.53	Female	Express
116.14	Female	Extra
274.63	Female	Superstore
6.62	Male	Express
25.98	Male	Superstore
15.37	Female	Superstore
12.86	Male	Express
10.75	Male	Express
17.85	Male	Extra
13.79	Female	Metro
172.3	Male	Superstore
35.79	Female	Metro
175.3	Male	Superstore
41.15	Male	Superstore
4.72	Male	Metro
45.51	Female	Superstore
199.68	Female	Superstore
16.92	Male	Superstore
63.89	Female	Superstore
448.72	Male	Superstore
431.66	Female	Extra
36.77	Male	Superstore
1406.75	Female	Metro
427.21	Female	Extra
35.22	Male	Extra
15.51	Male	Superstore
14.89	Male	Superstore
411.98	Male	Express
181.39	Female	Superstore
41.01	Male	Express
40.29	Male	Extra
27.69	Female	Metro
1479.89	Male	Superstore
227.8	Female	Metro
16.43	Male	Metro
451.05	Female	Extra
461.58	Male	Extra
291.56	Female	Superstore
14.64	Male	Express
34.35	Male	Superstore
22.42	Male	Metro
26	Female	Metro
52.95	Male	Superstore
523.75	Male	Extra
578.17	Male	Extra
41.6	Female	Superstore
221.03	Male	Metro
95.34	Female	Extra
359.78	Female	Superstore
39.49	Male	Extra
41.59	Male	Superstore
49.17	Male	Superstore
19.29	Female	Metro
651.85	Male	Superstore
553.95	Female	Metro
17.77	Male	Express
44.32	Female	Metro
55.29	Male	Superstore
660.51	Male	Metro
163.16	Male	Extra
19.94	Female	Metro
16.58	Male	Metro
451.31	Male	Extra
115.87	Male	Superstore
417.94	Male	Superstore
24.11	Female	Metro
30.24	Female	Metro
23.06	Female	Superstore
431.28	Male	Superstore
305.95	Female	Extra
40	Female	Superstore
17.19	Female	Express
52.54	Female	Superstore
18.26	Male	Metro
55.1	Male	Superstore
330.44	Female	Superstore
40.96	Female	Express
14.21	Male	Express
8.08	Male	Extra
127.68	Female	Superstore
57.77	Female	Metro
45.54	Male	Metro
29.21	Male	Express
68.64	Female	Superstore
110.22	Female	Extra
37.27	Female	Extra
27.85	Male	Superstore
32.19	Male	Metro
25.48	Female	Superstore
235.37	Female	Superstore
359.75	Male	Extra
994.79	Male	Extra
51.46	Female	Superstore
1162.28	Male	Extra
37.84	Female	Superstore
82.37	Female	Extra
43.18	Female	Superstore
32.69	Male	Superstore
89.17	Female	Superstore
56.44	Female	Express
423.14	Male	Superstore
278.53	Male	Superstore
18.23	Female	Extra
31.98	Female	Express
359.83	Female	Superstore
29.15	Male	Superstore
6.42	Male	Metro
8.59	Male	Extra
112.08	Male	Extra
71.76	Female	Superstore
14.04	Female	Express
14.69	Male	Metro
28.97	Male	Express
25.3	Female	Metro
20.76	Male	Express
405.87	Female	Metro
372.14	Female	Extra
17.92	Male	Superstore
38.07	Male	Extra
130.24	Male	Extra
52.71	Male	Superstore
173.68	Female	Superstore
1137.81	Female	Extra
282.49	Female	Extra
57.85	Female	Superstore
36.22	Female	Express
12.02	Male	Superstore
11.95	Female	Superstore
43.47	Female	Express
46.92	Female	Extra
364.16	Male	Extra
1282.86	Male	Superstore
41.52	Male	Superstore
52.43	Male	Express
8.53	Male	Express
100.99	Male	Superstore
30.84	Female	Superstore
791.95	Female	Extra
10.41	Female	Extra
37.64	Male	Express
326.82	Male	Metro
34.32	Female	Metro
626.12	Female	Extra
14.78	Female	Metro
31.12	Female	Express
740.07	Male	Superstore
3.7	Female	Superstore
8.2	Female	Superstore
144.54	Male	Superstore
17.65	Male	Metro
32.53	Female	Superstore
1701.38	Female	Extra
27.65	Female	Metro
14.11	Male	Superstore
1295.91	Male	Extra
84.33	Female	Extra
166.11	Female	Superstore
29.7	Male	Metro
14.67	Female	Superstore
6.45	Male	Superstore
179.23	Female	Metro
7.51	Male	Extra
98.58	Female	Superstore
101.32	Male	Superstore
280.15	Male	Extra
397.96	Female	Metro
417.98	Male	Superstore
13.77	Male	Superstore
39.57	Male	Extra
20	Male	Express
29.38	Male	Express
54.26	Male	Superstore
42.21	Female	Superstore
423.81	Female	Express
35.61	Female	Metro
40.62	Male	Superstore
55.75	Male	Superstore
12.3	Male	Superstore
18.37	Female	Express
449.59	Female	Superstore
153.67	Female	Extra
22.91	Male	Express
416.74	Female	Extra
63.55	Female	Superstore
90.29	Male	Superstore
46.05	Female	Superstore
223.75	Male	Extra
52.52	Female	Metro
33.37	Female	Superstore
236.6	Female	Metro
90.75	Male	Superstore
20.91	Female	Metro
138.84	Male	Extra
31.86	Female	Superstore
152.62	Male	Express
66.04	Female	Superstore
40.03	Female	Express
103.56	Female	Superstore
144.08	Male	Superstore
72.06	Male	Superstore
26.31	Male	Metro
37.38	Male	Express
19.85	Female	Metro
445.42	Male	Express
86.24	Male	Superstore
194.27	Male	Extra
23.27	Male	Express
20.37	Male	Superstore
56.93	Female	Superstore
41.6	Female	Metro
498.44	Female	Superstore
15.3	Female	Metro
231.84	Male	Extra
75.67	Male	Superstore
40.57	Female	Superstore
21.44	Male	Express
444.26	Male	Express
51.62	Female	Superstore
14.8	Female	Metro
34.39	Female	Superstore
55.19	Female	Superstore
203.9	Male	Extra
17.28	Male	Extra
208.74	Male	Metro
23.47	Female	Superstore
140.56	Female	Superstore
36.82	Male	Superstore
41.95	Female	Superstore
84.02	Male	Superstore
27.03	Male	Superstore
56.64	Male	Superstore
5.36	Male	Express
29.83	Female	Metro
498.92	Female	Extra
788.08	Female	Superstore
12.72	Female	Metro
99.21	Female	Extra
554.57	Male	Metro
20.14	Female	Metro
41.75	Female	Express
206.13	Male	Superstore
6.01	Male	Superstore
28.31	Male	Metro
15.57	Female	Metro
53.72	Male	Superstore
3.14	Female	Superstore
399.77	Male	Superstore
79.85	Female	Superstore
40.23	Male	Superstore
14.8	Male	Express
19.3	Male	Extra
23.88	Female	Metro
31.04	Male	Superstore
128.49	Female	Superstore
13.13	Male	Express
69.26	Male	Superstore
39.26	Male	Superstore
343.4	Female	Superstore
64.58	Male	Extra
59.64	Female	Superstore
19.33	Male	Metro
26.04	Male	Superstore
27.5	Female	Metro
44.73	Male	Express
40.05	Female	Metro
51.15	Female	Express
80.76	Female	Superstore
59.88	Female	Extra
104.44	Female	Superstore
364.91	Female	Metro
78.76	Male	Superstore
40.57	Male	Express
157.19	Male	Superstore
19.33	Male	Metro
361.28	Male	Metro
436.73	Male	Extra
18.16	Male	Metro
85.21	Female	Superstore
12.54	Male	Express
88.24	Male	Superstore
19.97	Female	Superstore
212.67	Female	Extra
104.7	Female	Superstore
49.85	Male	Extra
452.43	Female	Metro
41.32	Female	Extra
6.75	Female	Superstore
433.25	Female	Superstore
14.32	Male	Express
193.25	Male	Express
780.82	Male	Metro
16.53	Male	Metro
761.04	Female	Metro
411.72	Male	Metro
691.61	Male	Superstore
180.29	Male	Superstore
88.11	Female	Superstore
23.28	Female	Metro
203.07	Male	Superstore
15.57	Male	Extra
43.86	Female	Superstore
12.61	Male	Superstore
14.4	Male	Express
92.9	Male	Superstore
390.32	Female	Superstore
17.05	Male	Superstore
63.84	Male	Extra
34.85	Female	Extra
208.2	Male	Extra
41.58	Female	Metro
1398.27	Male	Superstore
20.27	Female	Express
409.07	Female	Extra
24.28	Female	Superstore
105.76	Female	Superstore
15.51	Female	Express
32.1	Male	Superstore
311.47	Female	Metro
51.01	Male	Superstore
24.94	Female	Express
159.71	Female	Superstore
305.24	Female	Extra
168	Female	Superstore
6.96	Male	Superstore
60.04	Female	Metro
71.32	Male	Extra
72.59	Male	Extra
32.85	Female	Extra
78.08	Female	Extra
11.92	Male	Metro
31.85	Male	Metro
23.12	Male	Superstore
1399.52	Female	Extra
338.98	Male	Extra
24.88	Female	Metro
13.23	Female	Superstore
95.93	Male	Superstore
2502.39	Female	Extra
64.17	Male	Extra
924.46	Female	Metro
23.28	Male	Metro
49.57	Female	Metro
56.54	Female	Metro
8.11	Male	Extra
16.26	Male	Superstore
2288.23	Male	Extra
9.69	Female	Superstore
5.53	Male	Extra
35.65	Female	Express
10.37	Female	Metro
7.73	Male	Extra
56.7	Female	Superstore
33.38	Male	Metro
8.35	Male	Superstore
28.75	Female	Metro
321.24	Male	Extra
11.33	Female	Metro
31.93	Male	Metro
36.07	Male	Superstore
16.06	Male	Express
102.65	Female	Superstore
39.68	Male	Superstore
27.95	Female	Superstore
38.1	Female	Express
49.31	Male	Superstore
256.21	Female	Superstore
43.07	Male	Superstore
18.57	Female	Extra
32.56	Female	Extra
12.49	Female	Superstore
462.74	Female	Extra
32.21	Female	Extra
363.99	Male	Superstore
52.34	Female	Metro
20.2	Male	Extra
21.01	Male	Metro
39.42	Female	Superstore
45.55	Male	Extra
451.68	Male	Superstore
122.18	Male	Extra
33.48	Female	Metro
48.09	Female	Metro
1321.08	Female	Superstore
78.61	Female	Extra
91.36	Male	Extra
14.63	Female	Metro
133.42	Male	Superstore
23.51	Male	Metro
43.18	Female	Metro
56.2	Male	Superstore
348.17	Female	Superstore
18	Male	Express
130.9	Male	Extra
33.74	Female	Metro
119.41	Male	Extra
16.55	Female	Superstore
116.58	Male	Extra
34.84	Male	Metro
94.86	Male	Extra
56.66	Male	Superstore
9.15	Female	Metro
35.54	Male	Metro
62.45	Male	Metro
26.81	Female	Metro
14.53	Male	Metro
19.15	Male	Superstore
375.49	Female	Superstore
47.41	Female	Express
17.11	Female	Superstore
23.4	Female	Superstore
374.03	Female	Express
387.59	Female	Express
321.64	Female	Extra
25.83	Male	Extra
106.53	Female	Superstore
18.53	Female	Extra
393.55	Female	Extra
370.52	Male	Superstore
484.15	Female	Superstore
417.57	Female	Superstore
21.37	Male	Express
10.31	Female	Express
19.76	Male	Express
152.01	Male	Superstore
47.24	Female	Metro
31.46	Male	Express
53.04	Male	Superstore
62.88	Male	Superstore
22.89	Female	Metro
13.49	Male	Metro
77.15	Female	Superstore
58.18	Male	Metro
319.34	Male	Superstore
20.84	Female	Metro
12.24	Female	Metro
30.37	Male	Extra
48.19	Female	Metro
6	Male	Extra
13.76	Male	Metro
67.45	Male	Superstore
14.85	Male	Extra
46.85	Male	Express
57.65	Female	Extra
52.16	Male	Superstore
312.33	Male	Express
73.42	Male	Extra
265.22	Female	Superstore
248.69	Female	Metro
26.81	Female	Extra
199.91	Male	Superstore
113.17	Female	Superstore
49.27	Female	Superstore
59.71	Female	Metro
54.82	Female	Extra
626.99	Female	Superstore
28.8	Male	Superstore
22.77	Female	Express
223.88	Male	Superstore
24.34	Female	Metro
31.16	Female	Superstore
90.51	Male	Superstore
66.18	Male	Superstore
42.73	Male	Metro
69.03	Male	Superstore
42.24	Female	Superstore
39.36	Female	Express
17.36	Male	Metro
19.88	Male	Superstore
604.43	Female	Superstore
440.26	Female	Metro
25.55	Female	Express
208.5	Female	Superstore
19.51	Female	Express
32.31	Male	Metro
32.9	Male	Superstore
365.34	Male	Superstore
31.5	Male	Metro
154.63	Male	Superstore
35.03	Male	Express
36.87	Male	Superstore
33.81	Male	Express
5.1	Male	Metro
31.94	Female	Metro
938.86	Female	Express
87.26	Female	Extra
709.51	Male	Superstore
99.63	Female	Superstore
440.24	Female	Metro
168.17	Female	Superstore
38.39	Female	Superstore
23.24	Female	Express
6.98	Female	Superstore
30.52	Male	Express
62.87	Female	Superstore
5.65	Male	Extra
304.01	Female	Superstore
33.47	Female	Superstore
77.81	Female	Extra
417.22	Female	Metro
416.25	Female	Extra
145.51	Female	Superstore
119.89	Male	Superstore
132.89	Male	Superstore
21.35	Male	Metro
10.83	Male	Metro
10.38	Female	Extra
3.92	Female	Extra
42.94	Male	Superstore
12.91	Female	Metro
80.29	Male	Superstore
30.65	Female	Express
15.67	Female	Metro
10.45	Female	Metro
35.22	Female	Superstore
78.29	Female	Superstore
38.8	Male	Metro
21.78	Male	Express
15.07	Male	Express
25.47	Female	Superstore
27.41	Male	Metro
16.62	Male	Superstore
18.37	Male	Metro
765.04	Male	Superstore
174.3	Female	Extra
54.18	Male	Express
139.48	Female	Superstore
80.43	Female	Metro
20.13	Female	Metro
6.3	Male	Express
10.13	Male	Metro
29.04	Female	Metro
87.77	Female	Extra
60.75	Female	Metro
68.48	Male	Superstore
25.64	Male	Extra
455.07	Female	Metro
90.56	Male	Superstore
37.41	Male	Metro
28.78	Female	Superstore
24.42	Male	Metro
11.08	Female	Metro
29.09	Male	Metro
972.25	Male	Extra
492.95	Female	Extra
117.58	Male	Extra
10.37	Female	Express
259.12	Male	Extra
96.45	Male	Superstore
295.96	Female	Metro
12.83	Male	Extra
18.94	Male	Metro
59.28	Female	Superstore
36.16	Female	Express
174.79	Female	Extra
145.42	Male	Extra
145.39	Male	Extra
127.07	Male	Superstore
10.41	Male	Metro
18.64	Female	Metro
90.76	Female	Extra
26.95	Female	Express
12.34	Female	Express
48.24	Male	Extra
50.69	Male	Superstore
68.08	Female	Extra
27.06	Male	Extra
201.3	Male	Extra
11.91	Male	Metro
13.3	Female	Superstore
688.23	Male	Superstore
27.55	Female	Express
797.32	Female	Express
22.63	Male	Superstore
23.14	Female	Metro
47.81	Male	Superstore
10.51	Male	Express
87.42	Male	Superstore
28.64	Male	Express
205.55	Male	Express
31.35	Female	Metro
33.93	Female	Superstore
22.31	Male	Superstore
82.85	Male	Extra
34.79	Male	Extra
43.1	Male	Metro
55.01	Female	Superstore
18.12	Female	Metro
97.17	Female	Superstore
41.07	Female	Superstore
17.92	Female	Metro
72.8	Male	Superstore
38.11	Male	Superstore
103.85	Female	Superstore
355.77	Male	Extra
412.8	Male	Superstore
8.8	Male	Metro
188.66	Male	Express
378.38	Male	Metro
37.86	Male	Superstore
288.67	Female	Superstore
36.91	Male	Superstore
60.6	Male	Superstore
196.56	Male	Superstore
194.45	Female	Superstore
33.53	Female	Express
57.99	Female	Express
12.67	Male	Metro
254.12	Female	Extra
686.68	Female	Superstore
16.46	Female	Superstore
29.12	Female	Express
386.5	Male	Superstore
58.98	Male	Extra
33.55	Female	Express
66.71	Female	Superstore
19.14	Male	Metro
369.4	Male	Superstore
8.24	Male	Extra
40.52	Female	Superstore
75.22	Male	Superstore
28.72	Female	Express
12	Male	Express
19.33	Male	Superstore
2.57	Male	Extra
1169.49	Female	Metro
48.58	Female	Metro
27.73	Female	Metro
222.84	Male	Superstore
38.48	Male	Superstore
386.92	Male	Superstore
42.33	Female	Superstore
79.72	Female	Extra
209.53	Male	Superstore
129.46	Female	Superstore
504.98	Male	Metro
96.67	Male	Superstore
16.96	Male	Superstore
82.53	Male	Superstore
25.99	Female	Express
20.15	Female	Metro
14.43	Male	Extra
1436.02	Female	Express
11.4	Female	Superstore
74.87	Male	Superstore
23.56	Male	Metro
2.65	Male	Extra
18.45	Male	Metro
11.6	Male	Metro
18.93	Female	Superstore
194.34	Male	Extra
103.61	Female	Superstore
45.38	Female	Metro
429.69	Female	Superstore
707.28	Male	Extra
158.83	Male	Superstore
71.75	Male	Superstore
172.93	Male	Extra
12.38	Male	Metro
14.61	Female	Express
342.17	Male	Superstore
1443.61	Female	Superstore
133.3	Female	Superstore
40.25	Female	Metro
116.68	Male	Superstore
57.18	Male	Superstore
61.89	Male	Extra
120.49	Female	Extra
759.49	Female	Extra
34.9	Female	Superstore
57.55	Female	Superstore
94.64	Male	Superstore
9.92	Male	Express
95.94	Male	Extra
40.53	Male	Superstore
1170.48	Female	Extra
32.22	Male	Superstore
25.21	Female	Superstore
20.38	Male	Extra
35.39	Male	Express
968.82	Male	Extra
151.99	Male	Express
15.17	Male	Superstore
23.3	Female	Extra
42.92	Male	Superstore
47.58	Female	Superstore
396.1	Male	Superstore
14.08	Female	Extra
19.86	Female	Express
146.27	Female	Extra
367.74	Female	Extra
450.93	Male	Extra
33.5	Female	Express
31.66	Male	Superstore
19.18	Female	Superstore
62.12	Female	Superstore
13.12	Male	Extra
29.59	Male	Metro
6.14	Male	Metro
33.1	Female	Metro
10.37	Female	Superstore
254.31	Female	Extra
23.96	Female	Express
40.56	Male	Superstore
45.62	Female	Metro
8.71	Male	Express
447.25	Female	Metro
112.75	Female	Extra
12.74	Female	Metro
26.93	Male	Express
11.57	Male	Extra
14.2	Male	Metro
15.67	Female	Express
69.42	Female	Superstore
14.33	Male	Superstore
33.52	Female	Express
28.38	Male	Express
5.18	Male	Metro
26.84	Male	Superstore
369.38	Male	Metro
337.26	Female	Superstore
192	Female	Extra
329.78	Female	Express
5.86	Female	Metro
428.31	Female	Extra
10.32	Female	Metro
184.42	Female	Superstore
23.34	Female	Extra
26.01	Male	Superstore
38.37	Male	Express
121.62	Female	Superstore
152.1	Male	Superstore
41.94	Male	Superstore
47.65	Female	Express
230.3	Male	Extra
32.43	Female	Superstore
14.82	Male	Metro
450.28	Male	Extra
47.69	Female	Metro
51.24	Male	Superstore
10.56	Male	Express
39.16	Male	Extra
163.15	Female	Extra
16.69	Female	Superstore
60.9	Male	Extra
8.01	Male	Metro
155.92	Female	Extra
37.17	Male	Metro
1215.4	Male	Extra
430.05	Female	Metro
60.71	Female	Superstore
227.55	Female	Extra
20.09	Male	Metro
56.72	Female	Superstore
1173.1	Female	Extra
4.18	Female	Superstore
404.87	Female	Superstore
92.28	Female	Superstore
54.38	Female	Metro
470.3	Female	Metro
307.74	Female	Superstore
8.1	Female	Extra
94.99	Female	Superstore
49.28	Female	Superstore
69.58	Female	Express
15.67	Male	Superstore
124.88	Female	Superstore
30.5	Male	Metro
53.37	Male	Superstore
30.35	Female	Extra
315.37	Male	Extra
39.19	Female	Superstore
366.36	Male	Extra
91.57	Male	Superstore
34.63	Male	Metro
26.83	Male	Metro
34.24	Female	Superstore
99.91	Male	Superstore
22.26	Female	Superstore
21.92	Male	Metro
272.3	Female	Extra
777.9	Female	Superstore
348.65	Male	Superstore
62.39	Female	Superstore
910.01	Male	Extra
173.16	Male	Superstore
29.12	Female	Metro
5.18	Male	Metro
119.58	Female	Superstore
15.75	Female	Metro
23.5	Male	Extra
491.98	Female	Extra
347.7	Male	Extra
28.6	Male	Express
60.73	Female	Superstore
416.79	Male	Express
16.89	Female	Metro
4.22	Male	Metro
51.9	Female	Superstore
31.16	Male	Superstore
36.09	Female	Metro
18.33	Male	Metro
609.24	Female	Extra
13.96	Female	Express
26.78	Female	Superstore
294.9	Female	Extra
220.17	Female	Extra
51.73	Male	Superstore
59.33	Female	Metro
25.16	Female	Extra
10.76	Female	Express
12.9	Male	Superstore
33.58	Female	Metro
85.39	Female	Extra
62.33	Female	Superstore
78.95	Male	Superstore
20.37	Male	Superstore
106.92	Male	Superstore
417.83	Female	Extra
421.18	Female	Metro
134.12	Male	Superstore
165.07	Female	Superstore
165.82	Male	Extra
39.82	Female	Metro
391.38	Male	Superstore
11.93	Male	Metro
32.32	Male	Superstore
133.68	Female	Superstore
15.32	Male	Metro
25.72	Female	Extra
276.66	Male	Superstore
438.23	Female	Extra
21.88	Female	Metro
40.55	Female	Superstore
42.84	Male	Metro
462.44	Male	Metro
41.32	Female	Express
214.71	Female	Superstore
408.38	Female	Metro
29.7	Female	Superstore
46.34	Male	Superstore
212.57	Male	Extra
37.22	Female	Superstore
17.38	Female	Extra
33.92	Female	Metro
6.35	Male	Metro
219.74	Female	Superstore
20.58	Female	Superstore
18.4	Male	Metro
651.96	Female	Extra
23.39	Female	Metro
459.56	Female	Superstore
35.87	Female	Express
7.05	Male	Superstore
24.78	Female	Express
27.75	Male	Express
145.87	Female	Metro
132.85	Female	Superstore
179.39	Male	Extra
250.85	Female	Superstore
48.22	Female	Superstore
39.13	Male	Metro
12.45	Male	Metro
16.81	Female	Superstore
209.01	Male	Superstore
42.86	Female	Superstore
155.98	Male	Extra
13.34	Male	Metro
20.1	Female	Express
3.02	Female	Extra
15.06	Female	Express
122.07	Male	Superstore
360.26	Male	Superstore
47.63	Male	Superstore
346.49	Female	Metro
242.72	Female	Superstore
165.26	Male	Extra
204.57	Male	Metro
179.81	Male	Extra
540.71	Male	Extra
366.54	Male	Extra
18.78	Female	Express
74.43	Male	Extra
244.84	Female	Superstore
5.53	Male	Metro
770.3	Female	Express
16.12	Male	Extra
19.42	Male	Metro
22.93	Male	Metro
63.53	Male	Extra
367.59	Male	Superstore
79.13	Male	Superstore
42.94	Female	Superstore
29	Female	Express
26.6	Male	Express
471.03	Male	Superstore
44.81	Female	Superstore
11.47	Male	Metro
93.14	Female	Superstore
186.45	Male	Superstore
14.21	Male	Metro
440.64	Male	Superstore
82.77	Male	Superstore
20.12	Male	Extra
23.7	Male	Metro
26.86	Female	Express
6.43	Male	Metro
1051.58	Male	Express
465.66	Female	Superstore
139.74	Female	Superstore
7.6	Male	Express
128.8	Male	Superstore
48.77	Female	Superstore
99.16	Female	Extra
24.21	Male	Express
20.07	Male	Superstore
24.51	Female	Superstore
326.99	Female	Superstore
5.94	Male	Express
41.16	Male	Superstore
62	Female	Express
64.74	Male	Superstore
2174.41	Male	Extra
73.15	Male	Superstore
27.35	Male	Superstore
197.7	Female	Extra
46.41	Female	Metro
50.4	Male	Extra
99.51	Male	Superstore
17.4	Female	Metro
188.49	Female	Extra
38.32	Male	Metro
126.33	Male	Superstore
57.15	Female	Superstore
359.4	Female	Superstore
422.92	Male	Express
32	Female	Superstore
311.97	Female	Extra
19.21	Male	Superstore
33.54	Male	Metro
15.47	Male	Metro
30.38	Male	Metro
139.31	Female	Extra
556.38	Female	Superstore
341.95	Female	Metro
43.41	Female	Extra
133.86	Female	Extra
231.22	Male	Extra
25.13	Male	Express
28.95	Female	Express
313.94	Female	Superstore
83.05	Male	Extra
33.39	Female	Metro
43.6	Male	Superstore
42.22	Male	Express
1832.73	Female	Extra
67.32	Female	Superstore
448.9	Female	Metro
18.88	Male	Express
21.41	Female	Metro
60.15	Female	Superstore
1470.95	Male	Superstore
13.47	Female	Express
78.27	Female	Metro
47.31	Female	Superstore
18.14	Female	Express
89.92	Female	Superstore
31.5	Female	Superstore
400.95	Female	Extra
28.2	Male	Metro
38.93	Female	Express
79.12	Male	Superstore
294.39	Male	Superstore
203.68	Female	Extra
793.48	Female	Extra
49.86	Male	Metro
13.71	Male	Extra
18.19	Male	Extra
409.66	Female	Superstore
22.32	Male	Extra
62.29	Female	Superstore
46.2	Female	Superstore
55.3	Male	Superstore
33.7	Male	Express
18.14	Male	Superstore
51	Male	Extra
52.5	Female	Superstore
15.23	Male	Metro
38.25	Female	Metro
26.15	Female	Metro
12.24	Male	Metro
146.59	Female	Superstore
403.85	Male	Extra
93.88	Male	Extra
46.33	Female	Metro
241.76	Male	Superstore
36.93	Female	Express
39.11	Female	Superstore
335.55	Female	Extra
61.45	Female	Superstore
37.6	Female	Superstore
13.39	Male	Metro
57.98	Female	Superstore
463.7	Female	Extra
210.43	Male	Superstore
19.27	Female	Superstore
3.64	Male	Superstore
15.66	Female	Extra
310.11	Female	Metro
451.96	Female	Extra
90.82	Female	Extra
394.62	Female	Superstore
332.18	Male	Metro
99.58	Male	Superstore
9.58	Male	Metro
28.86	Male	Superstore
30.08	Female	Superstore
29.28	Female	Superstore
452.97	Male	Metro
8.3	Male	Extra
60.34	Female	Superstore
29.78	Female	Superstore
26.84	Female	Express
38.91	Female	Superstore
20.08	Female	Superstore
59.54	Female	Extra
21.31	Female	Metro
652.02	Male	Metro
394.65	Male	Extra
74.06	Female	Extra
631.17	Female	Express
160.34	Male	Superstore
122.89	Male	Superstore
386.55	Male	Superstore
70.31	Female	Extra
400.37	Male	Extra
351.88	Female	Extra
21.11	Female	Metro
53.56	Female	Superstore
214.49	Male	Extra
350.21	Female	Superstore
21.83	Male	Metro
12.45	Male	Express
239.05	Female	Superstore
38.17	Female	Superstore
17.89	Female	Extra
3180.76	Male	Extra
91.1	Female	Superstore
11.3	Male	Superstore
35.42	Female	Extra
36.5	Female	Superstore
19.44	Female	Superstore
18.59	Male	Metro
11840.25	Female	Extra
508.94	Female	Extra
879.73	Female	Express
27.71	Female	Superstore
455.65	Female	Superstore
13.67	Female	Metro
115.79	Male	Superstore
36.88	Male	Superstore
22.86	Female	Extra
18.61	Female	Express
142.35	Female	Superstore
19.75	Female	Metro
336.56	Male	Superstore
164.71	Female	Superstore
54.47	Male	Superstore
17.36	Female	Express
71.13	Female	Metro
19.29	Male	Extra
1114.26	Female	Extra
23.44	Male	Superstore
18.96	Male	Metro
447.63	Female	Superstore
15.01	Male	Express
24.03	Male	Superstore
10.98	Male	Express
587.01	Male	Superstore
440.32	Female	Extra
308.03	Female	Superstore
161.12	Male	Superstore
224.59	Female	Superstore
12.36	Male	Metro
48.99	Male	Metro
902.32	Male	Superstore
7.87	Male	Metro
29.75	Female	Express
30.91	Female	Express
471.12	Male	Superstore
17.31	Male	Metro
110.74	Female	Superstore
60.57	Female	Metro
24.05	Female	Superstore
28.15	Female	Metro
45.41	Male	Superstore
256.23	Male	Extra
9.22	Female	Superstore
130.15	Female	Superstore
150032	Female	Metro
221.6	Female	Superstore
220.54	Male	Superstore
18.7	Female	Superstore
14.27	Male	Metro
8.6	Female	Metro
14.48	Female	Metro
38.66	Male	Superstore
55.07	Male	Superstore
87.87	Male	Superstore
14.76	Female	Superstore
32.66	Male	Superstore
683.12	Male	Extra
58.14	Female	Superstore
50.07	Female	Superstore
1157.7	Female	Extra
115.53	Female	Superstore
28.4	Male	Metro
147.97	Male	Extra
38.61	Female	Superstore
45.35	Male	Superstore
33.5	Female	Express
40.53	Female	Metro
52.14	Male	Superstore
27.22	Male	Metro
93.26	Female	Extra
26.32	Male	Extra
79.52	Female	Extra
61.62	Female	Extra
38.35	Male	Metro
100.23	Male	Superstore
397.07	Male	Extra
16.64	Male	Express
355.05	Female	Superstore
10.01	Male	Metro
119.23	Female	Extra
605.42	Female	Extra
25.9	Female	Superstore
37.04	Male	Extra
1014.5	Female	Metro
4.79	Male	Extra
33.32	Female	Superstore
383.42	Female	Superstore
9.99	Female	Metro
449.86	Female	Superstore
9.54	Male	Express
367.2	Male	Superstore
98.65	Male	Superstore
728.33	Male	Metro
36.04	Male	Superstore
80.36	Female	Superstore
208.14	Female	Metro
29.23	Female	Extra
37.36	Male	Superstore
20.49	Male	Express
68.83	Female	Express
96.6	Female	Superstore
327.64	Female	Extra
13.95	Female	Metro
38.5	Male	Superstore
31.6	Female	Superstore
329.9	Female	Extra
30.92	Male	Extra
1284.38	Female	Express
23.4	Male	Superstore
29.91	Female	Express
1569.6	Female	Metro
374.73	Male	Superstore
21.25	Male	Metro
86.35	Female	Superstore
13.97	Male	Express
1615.51	Female	Extra
501.96	Male	Superstore
20.72	Male	Superstore
103.7	Female	Superstore
12.96	Female	Superstore
30.82	Male	Extra
12.66	Female	Express
17.09	Female	Superstore
400.46	Male	Metro
196.71	Female	Superstore
10.99	Male	Metro
27.77	Male	Superstore
363.05	Female	Extra
314.2	Female	Express
1427.19	Male	Metro
342.92	Male	Superstore
138.23	Female	Superstore
28.44	Female	Express
14.08	Female	Superstore
17.57	Male	Metro
64.9	Male	Superstore
23.42	Male	Superstore
56.29	Female	Extra
18.63	Female	Metro
219.44	Male	Extra
20.38	Male	Superstore
29.94	Male	Superstore
20.71	Male	Express
91.84	Male	Superstore
111.92	Male	Superstore
176.26	Male	Superstore
201.08	Female	Superstore
17.8	Female	Extra
386.54	Female	Superstore
66.86	Male	Superstore
396.45	Male	Superstore
64.04	Female	Superstore
448.92	Female	Superstore
1091.68	Female	Extra
8.62	Male	Express
7.23	Female	Superstore
91.93	Male	Superstore
49.8	Female	Superstore
28.61	Female	Extra
417.59	Male	Metro
1178.32	Female	Superstore
16.74	Female	Express
26.13	Male	Metro
34.21	Female	Superstore
61.16	Female	Superstore
377.48	Male	Metro
126.96	Female	Extra
27.61	Male	Express
8.44	Male	Extra
115.93	Male	Extra
297.49	Male	Express
281.5	Male	Extra
17.51	Male	Metro
19.6	Male	Metro
45.55	Male	Superstore
72.26	Male	Extra
49.92	Male	Express
25.06	Female	Metro
520.96	Male	Superstore
77.14	Female	Superstore
143.96	Male	Extra
24.1	Male	Superstore
372.19	Male	Express
61.17	Male	Metro
55	Male	Extra
99.49	Male	Superstore
292.76	Female	Superstore
32.25	Male	Metro
103.16	Female	Superstore
357.29	Male	Express
112.79	Male	Extra
61.23	Female	Express
14.92	Female	Superstore
21.78	Female	Metro
261.23	Female	Superstore
74.47	Female	Superstore
146.64	Female	Superstore
56.71	Male	Superstore
738.7	Male	Superstore
128.7	Male	Superstore
156.38	Female	Metro
54.78	Male	Superstore
18.6	Male	Superstore
372.3	Female	Superstore
58.19	Male	Extra
101	Female	Extra
288.08	Female	Extra
404.8	Male	Superstore
79.25	Female	Metro
61.11	Female	Metro
55.36	Male	Superstore
5.7	Male	Metro
104.3	Male	Superstore
7.16	Female	Express
19.55	Male	Express
402.83	Male	Extra
36.91	Male	Superstore
469.26	Male	Extra
1331.95	Female	Metro
454.31	Male	Express
17.23	Female	Superstore
20.92	Male	Superstore
164.56	Female	Superstore
367.1	Female	Extra
19.69	Male	Superstore
47.12	Female	Metro
96.38	Female	Extra
973.4	Female	Extra
22.17	Female	Superstore
91.11	Female	Extra
123.5	Female	Superstore
58.78	Male	Superstore
51.09	Male	Extra
44.64	Female	Superstore
16.17	Male	Metro
17.78	Male	Express
28.8	Male	Superstore
62.87	Female	Superstore
85.79	Female	Superstore
63.9	Female	Superstore
196.74	Male	Extra
46.52	Male	Metro
57.94	Female	Metro
366.9	Female	Superstore
125.65	Male	Superstore
43.91	Male	Extra
983.27	Female	Metro
28.95	Female	Metro
9.71	Male	Metro
141.73	Female	Superstore
1398.47	Female	Superstore
29.4	Male	Express
37.83	Male	Superstore
21.52	Male	Express
13.73	Male	Extra
39.72	Female	Superstore
15.36	Male	Express
38.98	Male	Metro
20.35	Male	Metro
47.04	Male	Superstore
43.03	Female	Metro
414.02	Male	Express
63.56	Male	Superstore
400.42	Female	Extra
378.49	Female	Metro
18.33	Female	Superstore
17.97	Female	Extra
13.41	Female	Extra
388.83	Male	Extra
407.57	Female	Extra
22	Male	Metro
24.04	Male	Express
37.31	Female	Extra
53.34	Female	Superstore
6.41	Male	Metro
74	Male	Superstore
34.29	Female	Superstore
297.91	Female	Superstore
405.94	Male	Express
335.54	Male	Metro
38.08	Female	Extra
432.46	Female	Superstore
146.36	Male	Superstore
17.79	Female	Superstore
30.64	Male	Superstore
67.05	Male	Superstore
20.01	Female	Superstore
26.5	Male	Superstore
373.65	Female	Express
368.27	Male	Superstore
7.34	Male	Express
71.5	Female	Superstore
14.97	Male	Express
68.22	Female	Superstore
294.12	Male	Superstore
26.65	Male	Extra
242.1	Male	Extra
194.76	Male	Express
7.66	Male	Metro
18.03	Male	Metro
377.72	Male	Superstore
17.66	Female	Metro
30.46	Female	Metro
35.95	Male	Superstore
20.4	Male	Extra
225.47	Female	Superstore
109.55	Male	Extra
13.25	Male	Metro
611.91	Female	Superstore
23.65	Female	Express
99.36	Male	Superstore
15.67	Female	Express
19.27	Female	Superstore
36.95	Male	Superstore
28.7	Female	Extra
21.38	Female	Express
289.99	Male	Superstore
20.71	Female	Extra
120.86	Male	Superstore
9.89	Female	Superstore
2.54	Male	Extra
30.27	Male	Metro
86.25	Female	Superstore
96.5	Male	Superstore
28.06	Male	Metro
192.24	Female	Superstore
16.39	Male	Superstore
16.27	Female	Extra
20.4	Female	Extra
167.58	Male	Extra
99.37	Male	Extra
82.51	Female	Superstore
17.31	Male	Express
15.04	Female	Extra
26.72	Male	Metro
792.69	Male	Superstore
14.23	Female	Metro
6.26	Male	Extra
55.11	Male	Extra
63	Male	Express
11.1	Male	Superstore
23.54	Male	Superstore
52.6	Male	Metro
10.11	Male	Express
90.17	Male	Superstore
7.9	Female	Superstore
186.4	Male	Metro
91.79	Male	Superstore
23.51	Male	Superstore
79.32	Female	Superstore
1512.32	Male	Extra
1368.18	Female	Extra
8.85	Male	Extra
35.72	Female	Metro
62.55	Male	Extra
18.59	Male	Superstore
77.06	Male	Extra
14.69	Male	Express
15	Female	Express
12.26	Male	Metro
36.64	Female	Metro
118.78	Female	Superstore
595.19	Female	Metro
61.47	Female	Metro
39.33	Female	Superstore
16.57	Female	Metro
99.47	Female	Express
53.96	Male	Superstore
16.38	Male	Express
383.62	Female	Superstore
56.28	Female	Extra
28.08	Male	Metro
30.77	Male	Superstore
47.51	Male	Express
33.32	Male	Superstore
20.3	Male	Metro
85.75	Male	Superstore
15.72	Female	Express
69.06	Female	Superstore
721.48	Male	Superstore
36.64	Female	Metro
12.18	Female	Express
35.57	Female	Metro
135.11	Male	Superstore
58.5	Male	Superstore
39.85	Female	Express
25.3	Female	Superstore
208.21	Female	Extra
1095.56	Female	Extra
20.62	Male	Express
60.51	Male	Superstore
43.42	Male	Superstore
19.14	Female	Superstore
8.63	Male	Express
13.61	Male	Metro
203.99	Female	Superstore
12.23	Male	Express
308.56	Male	Superstore
29.91	Male	Superstore
71.58	Female	Metro
18.79	Female	Express
13.41	Female	Metro
17.07	Male	Superstore
12.02	Male	Metro
7.92	Female	Express
173.66	Male	Extra
36.95	Male	Metro
137.62	Male	Extra
18.43	Male	Metro
67.05	Female	Superstore
14.25	Female	Metro
21.8	Female	Express
295.45	Male	Extra
221.23	Female	Superstore
20.31	Female	Metro
10.66	Male	Metro
563.41	Female	Superstore
360.61	Female	Metro
57.89	Female	Metro
17.27	Male	Metro
350.86	Female	Superstore
37.45	Male	Superstore
730.6	Female	Superstore
26.82	Female	Metro
433.61	Female	Metro
14.52	Male	Metro
12.64	Male	Metro
342.9	Female	Superstore
6.63	Male	Metro
9.55	Female	Metro
333.09	Male	Extra
57.68	Male	Superstore
20.98	Female	Superstore
12.37	Male	Superstore
849.73	Female	Superstore
150.42	Female	Extra
18.56	Female	Express
405.21	Male	Metro
16.03	Female	Superstore
35.42	Male	Metro
20.66	Female	Express
10.59	Female	Express
98.54	Female	Superstore
275.61	Female	Extra
77.91	Female	Metro
29.3	Male	Superstore
109.15	Female	Superstore
121.21	Male	Superstore
52.12	Male	Superstore
9.19	Male	Metro
18.63	Female	Metro
431.53	Male	Superstore
52.08	Female	Superstore
111.43	Male	Superstore
20.55	Male	Superstore
13.66	Male	Superstore
13.84	Male	Express
83.32	Female	Extra
362.69	Female	Superstore
30.33	Female	Metro
45.54	Female	Extra
38.06	Female	Express
388.25	Male	Extra
22.83	Male	Superstore
29.45	Male	Superstore
32.72	Male	Metro
193.4	Female	Superstore
33.71	Female	Express
33.46	Female	Superstore
742.4	Female	Express
212.02	Male	Extra
197.68	Female	Superstore
148.11	Female	Metro
37.07	Male	Express
218.1	Female	Metro
76.79	Female	Superstore
16.49	Male	Extra
12.74	Male	Express
205.24	Male	Express
177.46	Male	Superstore
754.21	Male	Metro
471.37	Male	Superstore
147.39	Female	Superstore
50.63	Female	Metro
18.43	Female	Superstore
65.11	Female	Superstore
67.01	Male	Extra
36.42	Female	Metro
216.68	Male	Express
450.45	Male	Superstore
76.44	Male	Superstore
348.22	Male	Superstore
5.13	Male	Express
176.92	Female	Extra
111.07	Female	Superstore
27.72	Male	Express
382.01	Male	Superstore
25.95	Female	Express
14.48	Female	Express
84.6	Male	Superstore
20.11	Male	Metro
27.48	Female	Superstore
10.77	Female	Express
10.61	Female	Metro
93.52	Female	Superstore
15.3	Female	Metro
371.54	Female	Superstore
10.4	Female	Superstore
308.98	Male	Extra
23.78	Male	Superstore
117.01	Male	Superstore
24.22	Male	Superstore
425.19	Female	Express
43.42	Male	Express
94.43	Female	Metro
117.07	Female	Superstore
48.55	Male	Express
11.6	Female	Extra
374.88	Female	Metro
97.58	Female	Superstore
336.16	Male	Extra
25.18	Male	Superstore
195.99	Male	Extra
87.15	Male	Superstore
28.87	Female	Express
229.35	Female	Metro
21.91	Male	Metro
410.23	Male	Extra
80.49	Male	Superstore
25.92	Male	Metro
16.15	Female	Superstore
19.69	Female	Superstore
641.96	Male	Extra
33.83	Female	Extra
181.43	Male	Superstore
26.76	Female	Express
18.6	Male	Metro
90.42	Female	Metro
317.22	Male	Superstore
13.49	Male	Metro
11.43	Male	Superstore
14.72	Male	Superstore
41.3	Female	Metro
706.67	Female	Superstore
17.45	Female	Express
123.25	Male	Superstore
354.39	Female	Superstore
24.03	Male	Express
10.71	Female	Metro
47.76	Male	Superstore
107.25	Female	Superstore
67.52	Female	Superstore
27.56	Male	Extra
87.05	Female	Superstore
11.63	Male	Extra
74.44	Male	Extra
7.28	Female	Superstore
454.78	Male	Metro
91.9	Female	Superstore
33	Female	Extra
1049.59	Male	Extra
32.21	Male	Express
8.85	Male	Metro
1203.23	Male	Extra
140.38	Female	Superstore
32.9	Male	Express
46.25	Female	Express
45.85	Female	Superstore
30.1	Male	Metro
177.73	Male	Superstore
306.72	Female	Superstore
42.52	Male	Superstore
19.34	Female	Express
23.01	Male	Express
47.27	Female	Express
60.03	Male	Express
17.44	Female	Express
1167.48	Male	Superstore
31.3	Male	Extra
47.55	Male	Superstore
184.27	Female	Superstore
5.65	Female	Metro
54.55	Male	Superstore
425.93	Female	Extra
21.1	Female	Superstore
311.92	Male	Extra
50.82	Female	Extra
168.58	Female	Superstore
564.99	Male	Superstore
21.42	Female	Superstore
37.21	Male	Metro
58.18	Male	Superstore
15.06	Female	Extra
471.64	Male	Extra
825.07	Female	Extra
26.42	Female	Metro
20.11	Male	Metro
932.75	Male	Superstore
20.73	Male	Metro
16.71	Male	Express
17.3	Male	Metro
6.5	Male	Extra
13.27	Female	Metro
40.46	Female	Metro
28.21	Female	Metro
2.59	Female	Extra
733.4	Male	Superstore
13.66	Female	Express
2.75	Male	Metro
82.05	Male	Superstore
26.44	Female	Express
440.37	Male	Metro
79.4	Female	Metro
49.13	Male	Superstore
16.13	Male	Extra
403.7	Male	Superstore
